{
    "name": "root",
    "gauges": {
        "PlayerRunner.Policy.Entropy.mean": {
            "value": 1.702953815460205,
            "min": 1.666946291923523,
            "max": 2.069135904312134,
            "count": 19
        },
        "PlayerRunner.Environment.EpisodeLength.mean": {
            "value": 49.589473684210525,
            "min": 45.32743362831859,
            "max": 175.42857142857142,
            "count": 19
        },
        "PlayerRunner.Policy.ExtrinsicValueEstimate.mean": {
            "value": -0.6291670799255371,
            "min": -0.8482466340065002,
            "max": -0.15083637833595276,
            "count": 19
        },
        "PlayerRunner.Environment.CumulativeReward.mean": {
            "value": -0.750905253071534,
            "min": -0.7700357072587524,
            "max": -0.08432138125811305,
            "count": 19
        },
        "PlayerRunner.Policy.ExtrinsicReward.mean": {
            "value": -0.750905253071534,
            "min": -0.7700357072587524,
            "max": -0.08432138125811305,
            "count": 19
        },
        "PlayerRunner.Losses.PolicyLoss.mean": {
            "value": 0.06906062206447436,
            "min": 0.06064940288261925,
            "max": 0.07823254588098885,
            "count": 19
        },
        "PlayerRunner.Losses.ValueLoss.mean": {
            "value": 0.02454262360697612,
            "min": 0.02454262360697612,
            "max": 0.22091402028066415,
            "count": 19
        },
        "PlayerRunner.Policy.LearningRate.mean": {
            "value": 0.0002861106046298,
            "min": 0.0002861106046298,
            "max": 0.00029953365015545,
            "count": 19
        },
        "PlayerRunner.Policy.Epsilon.mean": {
            "value": 0.19537020000000002,
            "min": 0.19537020000000002,
            "max": 0.19984455,
            "count": 19
        },
        "PlayerRunner.Policy.Beta.mean": {
            "value": 0.00953748298,
            "min": 0.00953748298,
            "max": 0.009984470544999999,
            "count": 19
        },
        "PlayerRunner.IsTraining.mean": {
            "value": 1.0,
            "min": 1.0,
            "max": 1.0,
            "count": 19
        },
        "Player.Policy.Entropy.mean": {
            "value": 1.5941892862319946,
            "min": 1.5941892862319946,
            "max": 2.0683610439300537,
            "count": 19
        },
        "Player.Environment.EpisodeLength.mean": {
            "value": 50.376344086021504,
            "min": 45.271028037383175,
            "max": 173.22222222222223,
            "count": 19
        },
        "Player.Policy.ExtrinsicValueEstimate.mean": {
            "value": 3.333993673324585,
            "min": 0.12322565168142319,
            "max": 3.333993673324585,
            "count": 19
        },
        "Player.Environment.CumulativeReward.mean": {
            "value": 4.3639787710569005,
            "min": 1.9986629175288337,
            "max": 4.8908347307267235,
            "count": 19
        },
        "Player.Policy.ExtrinsicReward.mean": {
            "value": 4.3639787710569005,
            "min": 1.9986629175288337,
            "max": 4.8908347307267235,
            "count": 19
        },
        "Player.Losses.PolicyLoss.mean": {
            "value": 0.07538602951778253,
            "min": 0.06130077572338955,
            "max": 0.08064618696031782,
            "count": 19
        },
        "Player.Losses.ValueLoss.mean": {
            "value": 0.5135955441122254,
            "min": 0.4085572402303418,
            "max": 0.9722072208921115,
            "count": 19
        },
        "Player.Policy.LearningRate.mean": {
            "value": 0.00028612882962372494,
            "min": 0.00028612882962372494,
            "max": 0.00029953492515502497,
            "count": 19
        },
        "Player.Policy.Epsilon.mean": {
            "value": 0.19537627500000004,
            "min": 0.19537627500000004,
            "max": 0.199844975,
            "count": 19
        },
        "Player.Policy.Beta.mean": {
            "value": 0.009538089872499999,
            "min": 0.009538089872499999,
            "max": 0.0099845130025,
            "count": 19
        },
        "Player.IsTraining.mean": {
            "value": 1.0,
            "min": 1.0,
            "max": 1.0,
            "count": 19
        }
    },
    "metadata": {
        "timer_format_version": "0.1.0",
        "start_time_seconds": "1620933312",
        "python_version": "3.8.5 (default, Sep  3 2020, 21:29:08) [MSC v.1916 64 bit (AMD64)]",
        "command_line_arguments": "D:\\COLLEGE\\Project\\Unity Project\\AI Tag Game\\envs\\projectEnv\\Scripts\\mlagents-learn config\\firstTag.yaml --run-id=Train1_13_05",
        "mlagents_version": "0.23.0",
        "mlagents_envs_version": "0.23.0",
        "communication_protocol_version": "1.3.0",
        "pytorch_version": "1.7.1+cpu",
        "numpy_version": "1.18.5",
        "end_time_seconds": "1620934790"
    },
    "total": 1478.0133825999999,
    "count": 1,
    "self": 0.0197558999998364,
    "children": {
        "run_training.setup": {
            "total": 0.008591000000000015,
            "count": 1,
            "self": 0.008591000000000015
        },
        "TrainerController.start_learning": {
            "total": 1477.9850357,
            "count": 1,
            "self": 0.6862044000022252,
            "children": {
                "TrainerController._reset_env": {
                    "total": 11.536388800000001,
                    "count": 1,
                    "self": 11.536388800000001
                },
                "TrainerController.advance": {
                    "total": 1465.373985299998,
                    "count": 12150,
                    "self": 0.35367870000186485,
                    "children": {
                        "env_step": {
                            "total": 1465.020306599996,
                            "count": 12150,
                            "self": 1381.1668215999948,
                            "children": {
                                "SubprocessEnvManager._take_step": {
                                    "total": 83.49404769999393,
                                    "count": 12150,
                                    "self": 2.6235219999913397,
                                    "children": {
                                        "TorchPolicy.evaluate": {
                                            "total": 80.87052570000259,
                                            "count": 21834,
                                            "self": 15.609009399998598,
                                            "children": {
                                                "TorchPolicy.sample_actions": {
                                                    "total": 65.26151630000399,
                                                    "count": 21834,
                                                    "self": 65.26151630000399
                                                }
                                            }
                                        }
                                    }
                                },
                                "workers": {
                                    "total": 0.35943730000742136,
                                    "count": 12149,
                                    "self": 0.0,
                                    "children": {
                                        "worker_root": {
                                            "total": 1465.236373799994,
                                            "count": 12149,
                                            "is_parallel": true,