{
    "name": "root",
    "gauges": {
        "PlayerRunner.Policy.Entropy.mean": {
            "value": 0.8691052198410034,
            "min": 0.8691052198410034,
            "max": 0.979496419429779,
            "count": 2
        },
        "PlayerRunner.Environment.EpisodeLength.mean": {
            "value": 49.255102040816325,
            "min": 20.916666666666668,
            "max": 49.255102040816325,
            "count": 2
        },
        "PlayerRunner.Policy.ExtrinsicValueEstimate.mean": {
            "value": -0.6008532047271729,
            "min": -0.6008532047271729,
            "max": -0.5253828167915344,
            "count": 2
        },
        "PlayerRunner.Environment.CumulativeReward.mean": {
            "value": -1.0597525598462094,
            "min": -1.0597525598462094,
            "max": -1.0589999854564667,
            "count": 2
        },
        "PlayerRunner.Policy.ExtrinsicReward.mean": {
            "value": -1.0597525598462094,
            "min": -1.0597525598462094,
            "max": -1.0589999854564667,
            "count": 2
        },
        "PlayerRunner.IsTraining.mean": {
            "value": 1.0,
            "min": 1.0,
            "max": 1.0,
            "count": 2
        },
        "PlayerRunner.Losses.PolicyLoss.mean": {
            "value": 0.0666417573132397,
            "min": 0.0666417573132397,
            "max": 0.0666417573132397,
            "count": 1
        },
        "PlayerRunner.Losses.ValueLoss.mean": {
            "value": 0.11171006795484573,
            "min": 0.11171006795484573,
            "max": 0.11171006795484573,
            "count": 1
        },
        "PlayerRunner.Policy.LearningRate.mean": {
            "value": 0.00026988256753914745,
            "min": 0.00026988256753914745,
            "max": 0.00026988256753914745,
            "count": 1
        },
        "PlayerRunner.Policy.Epsilon.mean": {
            "value": 0.1899608525,
            "min": 0.1899608525,
            "max": 0.1899608525,
            "count": 1
        },
        "PlayerRunner.Policy.Beta.mean": {
            "value": 0.00899708916475,
            "min": 0.00899708916475,
            "max": 0.00899708916475,
            "count": 1
        },
        "Player.Policy.Entropy.mean": {
            "value": 0.40028291940689087,
            "min": 0.40028291940689087,
            "max": 0.40028291940689087,
            "count": 1
        },
        "Player.Environment.EpisodeLength.mean": {
            "value": 30.5,
            "min": 30.5,
            "max": 30.5,
            "count": 1
        },
        "Player.Policy.ExtrinsicValueEstimate.mean": {
            "value": 1.0975801944732666,
            "min": 1.0975801944732666,
            "max": 1.0975801944732666,
            "count": 1
        },
        "Player.Environment.CumulativeReward.mean": {
            "value": 4.968900203704834,
            "min": 4.968900203704834,
            "max": 4.968900203704834,
            "count": 1
        },
        "Player.Policy.ExtrinsicReward.mean": {
            "value": 4.968900203704834,
            "min": 4.968900203704834,
            "max": 4.968900203704834,
            "count": 1
        },
        "Player.IsTraining.mean": {
            "value": 1.0,
            "min": 1.0,
            "max": 1.0,
            "count": 1
        }
    },
    "metadata": {
        "timer_format_version": "0.1.0",
        "start_time_seconds": "1621007939",
        "python_version": "3.8.5 (default, Sep  3 2020, 21:29:08) [MSC v.1916 64 bit (AMD64)]",
        "command_line_arguments": "D:\\COLLEGE\\Project\\Unity Project\\AI Tag Game\\envs\\projectEnv\\Scripts\\mlagents-learn config\\firstTag.yaml --run-id=Train3_13_05 --resume",
        "mlagents_version": "0.23.0",
        "mlagents_envs_version": "0.23.0",
        "communication_protocol_version": "1.3.0",
        "pytorch_version": "1.7.1+cpu",
        "numpy_version": "1.18.5",
        "end_time_seconds": "1621008059"
    },
    "total": 119.6875932,
    "count": 1,
    "self": 0.02412969999998893,
    "children": {
        "run_training.setup": {
            "total": 0.026551200000000108,
            "count": 1,
            "self": 0.026551200000000108
        },
        "TrainerController.start_learning": {
            "total": 119.6369123,
            "count": 1,
            "self": 0.06476539999988518,
            "children": {
                "TrainerController._reset_env": {
                    "total": 9.8916153,
                    "count": 1,
                    "self": 9.8916153
                },
                "TrainerController.advance": {
                    "total": 109.19323130000012,
                    "count": 707,
                    "self": 0.02616360000033069,
                    "children": {
                        "env_step": {
                            "total": 109.16706769999979,
                            "count": 707,
                            "self": 102.40754259999987,
                            "children": {
                                "SubprocessEnvManager._take_step": {
                                    "total": 6.7347428999999135,
                                    "count": 707,
                                    "self": 0.21867199999970488,
                                    "children": {
                                        "TorchPolicy.evaluate": {
                                            "total": 6.516070900000209,
                                            "count": 1242,
                                            "self": 1.3026621000002745,
                                            "children": {
                                                "TorchPolicy.sample_actions": {
                                                    "total": 5.213408799999934,
                                                    "count": 1242,
                                                    "self": 5.213408799999934
                                                }
                                            }
                                        }
                                    }
                                },
                                "workers": {
                                    "total": 0.024782200000000643,
                                    "count": 706,
                                    "self": 0.0,
                                    "children": {
                                        "worker_root": {
                                            "total": 109.23905349999995,
                                            "count": 706,
                                            "is_parallel": true,
                                            "self": 10.977004099999945,
                                            "children": {
                                                "steps_from_proto": {
                                                    "total": 0.0013799999999992707,
                                                    "count": 2,
                                                    "is_parallel": true,
                                                    "self": 0.000584299999999871,
                                                    "children": {
                                                        "_process_vector_observation": {
                                                            "total": 0.0007956999999993997,
                                                            "count": 8,
                                                            "is_parallel": true,