{
    "name": "root",
    "metadata": {
        "timer_format_version": "0.1.0",
        "start_time_seconds": "1620935451",
        "python_version": "3.8.5 (default, Sep  3 2020, 21:29:08) [MSC v.1916 64 bit (AMD64)]",
        "command_line_arguments": "D:\\COLLEGE\\Project\\Unity Project\\AI Tag Game\\envs\\projectEnv\\Scripts\\mlagents-learn config\\firstTag.yaml --run-id=Train2_13_05",
        "mlagents_version": "0.23.0",
        "mlagents_envs_version": "0.23.0",
        "communication_protocol_version": "1.3.0",
        "pytorch_version": "1.7.1+cpu",
        "numpy_version": "1.18.5",
        "end_time_seconds": "1620935580"
    },
    "total": 129.754886,
    "count": 1,
    "self": 0.016374200000001338,
    "children": {
        "run_training.setup": {
            "total": 0.008913700000000135,
            "count": 1,
            "self": 0.008913700000000135
        },
        "TrainerController.start_learning": {
            "total": 129.7295981,
            "count": 1,
            "self": 0.20037199999998734,
            "children": {
                "TrainerController._reset_env": {
                    "total": 11.0350059,
                    "count": 1,
                    "self": 11.0350059
                },
                "TrainerController.advance": {
                    "total": 118.11021250000005,
                    "count": 3868,
                    "self": 0.09240350000030162,
                    "children": {
                        "env_step": {
                            "total": 118.01780899999974,
                            "count": 3868,
                            "self": 97.3929855000003,
                            "children": {
                                "SubprocessEnvManager._take_step": {
                                    "total": 20.51552250000005,
                                    "count": 3868,
                                    "self": 0.7118521000000371,
                                    "children": {
                                        "TorchPolicy.evaluate": {
                                            "total": 19.803670400000012,
                                            "count": 7542,
                                            "self": 3.9885260000007126,
                                            "children": {
                                                "TorchPolicy.sample_actions": {
                                                    "total": 15.8151443999993,
                                                    "count": 7542,
                                                    "self": 15.8151443999993
                                                }
                                            }
                                        }
                                    }
                                },
                                "workers": {
                                    "total": 0.10930099999940168,
                                    "count": 3867,
                                    "self": 0.0,
                                    "children": {
                                        "worker_root": {
                                            "total": 118.09422170000035,
                                            "count": 3867,
                                            "is_parallel": true,
                                            "self": 29.44015770000064,
                                            "children": {
                                                "steps_from_proto": {
                                                    "total": 0.0008053000000014521,
                                                    "count": 2,
                                                    "is_parallel": true,
                                                    "self": 0.0004409000000027419,
                                                    "children": {
                                                        "_process_vector_observation": {
                                                            "total": 0.0003643999999987102,
                                                            "count": 8,
                                                            "is_parallel": true,
                                                            "self": 0.0003643999999987102
                                                        }
                                                    }
                                                },
                                                "UnityEnvironment.step": {
                                                    "total": 88.65325869999971,
                                                    "count": 3867,
                                                    "is_parallel": true,
                                                    "self": 0.6045822000002374,
                                                    "children": {
                                                        "UnityEnvironment._generate_step_input": {
                                                            "total": 1.7955454000000106,
                                                            "count": 3867,
                                                            "is_parallel": true,
                                                            "self": 1.7955454000000106
                                                        },
                                                        "communicator.exchange": {
                                                            "total": 82.71752819999979,
                                                            "count": 3867,
                                                            "is_parallel": true,
                                                            "self": 82.71752819999979
                                                        },
                                                        "steps_from_proto": {
                                                            "total": 3.535602899999672,
                                                            "count": 7734,
                                                            "is_parallel": true,
                                                            "self": 1.870171600001214,
                                                            "children": {
                                                                "_process_vector_observation": {
                                                                    "total": 1.665431299998458,
                                                                    "count": 30936,
                                                                    "is_parallel": true,
                                                                    "self": 1.665431299998458
                                                                }
                                                            }
                                                        }
                                                    }
                                                }
                                            }
                                        }
                                    }
                                }
                            }
                        }
                    }
                },
                "trainer_threads": {
                    "total": 0.00011269999998830826,
                    "count": 1,
                    "self": 0.00011269999998830826,
                    "children": {
                        "thread_root": {
                            "total": 0.0,
                            "count": 0,
                            "is_parallel": true,
                            "self": 0.0,